NAME	GS<br> follow link to MSigDB	GS DETAILS	SIZE	ES	NES	NOM p-val	FDR q-val	FWER p-val	RANK AT MAX	LEADING EDGE	
REACTOME_METABOLISM_OF_AMINO_ACIDS_AND_DERIVATIVES	REACTOME_METABOLISM_OF_AMINO_ACIDS_AND_DERIVATIVES	Details ...	269	0.5841325	2.134239	0.0	0.0062819226	0.01	820	tags=39%, list=18%, signal=44%	
REACTOME_METABOLISM_OF_VITAMINS_AND_COFACTORS	REACTOME_METABOLISM_OF_VITAMINS_AND_COFACTORS	Details ...	89	0.61782396	2.099	0.0	0.005219088	0.016	983	tags=64%, list=22%, signal=80%	
WP_AMINO_ACID_METABOLISM	WP_AMINO_ACID_METABOLISM	Details ...	74	0.6706731	2.0677333	0.0	0.006469968	0.027	754	tags=58%, list=17%, signal=69%	
REACTOME_METABOLISM_OF_LIPIDS	REACTOME_METABOLISM_OF_LIPIDS	Details ...	288	0.55218506	2.0629764	0.0	0.005006698	0.027	676	tags=40%, list=15%, signal=44%	
KEGG_PEROXISOME	KEGG_PEROXISOME	Details ...	53	0.8131163	2.0628002	0.0	0.0040053586	0.027	395	tags=68%, list=9%, signal=74%	
REACTOME_FATTY_ACID_METABOLISM	REACTOME_FATTY_ACID_METABOLISM	Details ...	104	0.7073595	2.0365214	0.0	0.004997283	0.042	595	tags=62%, list=13%, signal=69%	
REACTOME_BIOLOGICAL_OXIDATIONS	REACTOME_BIOLOGICAL_OXIDATIONS	Details ...	123	0.7074124	2.0363867	0.0018726592	0.004283386	0.042	811	tags=68%, list=18%, signal=81%	
REACTOME_METABOLIC_DISORDERS_OF_BIOLOGICAL_OXIDATION_ENZYMES	REACTOME_METABOLIC_DISORDERS_OF_BIOLOGICAL_OXIDATION_ENZYMES	Details ...	16	0.83510995	2.035837	0.0	0.0037479622	0.042	305	tags=75%, list=7%, signal=80%	
REACTOME_METABOLISM_OF_WATER_SOLUBLE_VITAMINS_AND_COFACTORS	REACTOME_METABOLISM_OF_WATER_SOLUBLE_VITAMINS_AND_COFACTORS	Details ...	53	0.6377163	2.0154696	0.0	0.005468477	0.064	898	tags=64%, list=20%, signal=79%	
REACTOME_METABOLISM_OF_STEROIDS	REACTOME_METABOLISM_OF_STEROIDS	Details ...	70	0.6391358	2.0136423	0.0	0.005165835	0.066	578	tags=53%, list=13%, signal=60%	
WP_FATTY_ACID_BETA_OXIDATION	WP_FATTY_ACID_BETA_OXIDATION	Details ...	24	0.78717726	2.0133572	0.0018796993	0.0046962136	0.066	572	tags=75%, list=13%, signal=86%	
WP_UREA_CYCLE_AND_METABOLISM_OF_AMINO_GROUPS	WP_UREA_CYCLE_AND_METABOLISM_OF_AMINO_GROUPS	Details ...	18	0.79279494	2.0018473	0.0	0.005194384	0.075	431	tags=56%, list=10%, signal=61%	
WP_METAPATHWAY_BIOTRANSFORMATION_PHASE_I_AND_II	WP_METAPATHWAY_BIOTRANSFORMATION_PHASE_I_AND_II	Details ...	82	0.70182836	1.9928943	0.0018518518	0.005370803	0.082	764	tags=63%, list=17%, signal=75%	
REACTOME_PROTEIN_LOCALIZATION	REACTOME_PROTEIN_LOCALIZATION	Details ...	103	0.66943467	1.9863017	0.0	0.005467587	0.09	917	tags=58%, list=20%, signal=72%	
REACTOME_DISEASES_OF_METABOLISM	REACTOME_DISEASES_OF_METABOLISM	Details ...	91	0.5474367	1.9859103	0.0018083183	0.0051657506	0.091	908	tags=47%, list=20%, signal=58%	
KEGG_ALANINE_ASPARTATE_AND_GLUTAMATE_METABOLISM	KEGG_ALANINE_ASPARTATE_AND_GLUTAMATE_METABOLISM	Details ...	24	0.6891364	1.9707848	0.0017857143	0.006703297	0.11	435	tags=54%, list=10%, signal=60%	
REACTOME_PEROXISOMAL_PROTEIN_IMPORT	REACTOME_PEROXISOMAL_PROTEIN_IMPORT	Details ...	41	0.8093173	1.9682963	0.001934236	0.00643151	0.11	356	tags=66%, list=8%, signal=71%	
WP_CHOLESTEROL_METABOLISM_INCLUDES_BOTH_BLOCH_AND_KANDUTSCHRUSSELL_PATHWAYS	WP_CHOLESTEROL_METABOLISM_INCLUDES_BOTH_BLOCH_AND_KANDUTSCHRUSSELL_PATHWAYS	Details ...	27	0.78972936	1.9655019	0.0	0.0065398756	0.115	562	tags=67%, list=13%, signal=76%	
KEGG_FATTY_ACID_METABOLISM	KEGG_FATTY_ACID_METABOLISM	Details ...	36	0.8421323	1.9510059	0.0037243948	0.007810769	0.144	572	tags=89%, list=13%, signal=101%	
KEGG_VALINE_LEUCINE_AND_ISOLEUCINE_DEGRADATION	KEGG_VALINE_LEUCINE_AND_ISOLEUCINE_DEGRADATION	Details ...	42	0.7956362	1.9446385	0.0056497175	0.008542146	0.156	692	tags=86%, list=15%, signal=100%	
KEGG_PROPANOATE_METABOLISM	KEGG_PROPANOATE_METABOLISM		29	0.8270922	1.9441485	0.0	0.008229305	0.158	661	tags=86%, list=15%, signal=100%	
WP_MITOCHONDRIAL_LCFATTY_ACID_BETAOXIDATION	WP_MITOCHONDRIAL_LCFATTY_ACID_BETAOXIDATION		16	0.8571437	1.944033	0.0018796993	0.007900342	0.158	523	tags=88%, list=12%, signal=99%	
WP_UREA_CYCLE_AND_ASSOCIATED_PATHWAYS	WP_UREA_CYCLE_AND_ASSOCIATED_PATHWAYS		19	0.87722224	1.9393492	0.0	0.008324978	0.176	488	tags=79%, list=11%, signal=88%	
REACTOME_PHASE_I_FUNCTIONALIZATION_OF_COMPOUNDS	REACTOME_PHASE_I_FUNCTIONALIZATION_OF_COMPOUNDS		55	0.7634532	1.9303011	0.0018281536	0.009363624	0.196	707	tags=76%, list=16%, signal=90%	
KEGG_DRUG_METABOLISM_CYTOCHROME_P450	KEGG_DRUG_METABOLISM_CYTOCHROME_P450		48	0.7748972	1.9259098	0.001858736	0.009688061	0.205	764	tags=81%, list=17%, signal=97%	
REACTOME_FATTY_ACYL_COA_BIOSYNTHESIS	REACTOME_FATTY_ACYL_COA_BIOSYNTHESIS		17	0.75750124	1.923887	0.0	0.009451212	0.206	907	tags=76%, list=20%, signal=95%	
REACTOME_SULFUR_AMINO_ACID_METABOLISM	REACTOME_SULFUR_AMINO_ACID_METABOLISM		21	0.7452859	1.9188535	0.003690037	0.010050234	0.216	389	tags=62%, list=9%, signal=67%	
KEGG_ARGININE_AND_PROLINE_METABOLISM	KEGG_ARGININE_AND_PROLINE_METABOLISM		40	0.69076014	1.9063048	0.0	0.011724147	0.255	754	tags=65%, list=17%, signal=77%	
KEGG_BETA_ALANINE_METABOLISM	KEGG_BETA_ALANINE_METABOLISM		18	0.81164336	1.9021162	0.0	0.01187424	0.263	661	tags=78%, list=15%, signal=91%	
WP_PPAR_SIGNALING_PATHWAY	WP_PPAR_SIGNALING_PATHWAY		38	0.6667809	1.897359	0.0034662045	0.012596983	0.275	595	tags=55%, list=13%, signal=63%	
REACTOME_GLYOXYLATE_METABOLISM_AND_GLYCINE_DEGRADATION	REACTOME_GLYOXYLATE_METABOLISM_AND_GLYCINE_DEGRADATION		27	0.76509744	1.8957795	0.0018416207	0.012433896	0.28	551	tags=67%, list=12%, signal=76%	
KEGG_DRUG_METABOLISM_OTHER_ENZYMES	KEGG_DRUG_METABOLISM_OTHER_ENZYMES		31	0.6734121	1.8902134	0.003533569	0.012968604	0.292	811	tags=61%, list=18%, signal=74%	
REACTOME_BILE_ACID_AND_BILE_SALT_METABOLISM	REACTOME_BILE_ACID_AND_BILE_SALT_METABOLISM		21	0.75493604	1.8862234	0.0018083183	0.013229622	0.304	506	tags=67%, list=11%, signal=75%	
KEGG_METABOLISM_OF_XENOBIOTICS_BY_CYTOCHROME_P450	KEGG_METABOLISM_OF_XENOBIOTICS_BY_CYTOCHROME_P450		43	0.766183	1.8844917	0.0055762082	0.013066483	0.304	764	tags=81%, list=17%, signal=97%	
WP_FATTY_ACID_BIOSYNTHESIS	WP_FATTY_ACID_BIOSYNTHESIS		20	0.80710906	1.8816904	0.0	0.013203783	0.314	550	tags=80%, list=12%, signal=91%	
REACTOME_PHASE_II_CONJUGATION_OF_COMPOUNDS	REACTOME_PHASE_II_CONJUGATION_OF_COMPOUNDS		66	0.62545663	1.8780795	0.009276438	0.013342984	0.325	811	tags=58%, list=18%, signal=69%	
KEGG_RETINOL_METABOLISM	KEGG_RETINOL_METABOLISM		33	0.78240937	1.8701451	0.0018450185	0.014347048	0.347	723	tags=85%, list=16%, signal=100%	
REACTOME_GLUTATHIONE_CONJUGATION	REACTOME_GLUTATHIONE_CONJUGATION		23	0.6877864	1.8691677	0.009487666	0.01414973	0.347	764	tags=61%, list=17%, signal=73%	
KEGG_PPAR_SIGNALING_PATHWAY	KEGG_PPAR_SIGNALING_PATHWAY		39	0.6556896	1.8675137	0.0034843206	0.014109829	0.35	595	tags=54%, list=13%, signal=62%	
REACTOME_SYNTHESIS_OF_BILE_ACIDS_AND_BILE_SALTS	REACTOME_SYNTHESIS_OF_BILE_ACIDS_AND_BILE_SALTS		20	0.7710055	1.8644084	0.0018416207	0.014191871	0.359	506	tags=70%, list=11%, signal=79%	
KEGG_PYRUVATE_METABOLISM	KEGG_PYRUVATE_METABOLISM		32	0.6851141	1.8640052	0.007677543	0.013891705	0.359	705	tags=66%, list=16%, signal=77%	
KEGG_TYROSINE_METABOLISM	KEGG_TYROSINE_METABOLISM		23	0.76791114	1.8595103	0.0	0.014531303	0.368	753	tags=74%, list=17%, signal=88%	
REACTOME_MITOCHONDRIAL_FATTY_ACID_BETA_OXIDATION	REACTOME_MITOCHONDRIAL_FATTY_ACID_BETA_OXIDATION		28	0.78545177	1.858063	0.0038314175	0.014488808	0.372	667	tags=82%, list=15%, signal=96%	
KEGG_BUTANOATE_METABOLISM	KEGG_BUTANOATE_METABOLISM		29	0.75039095	1.8477982	0.0075046904	0.016012695	0.41	732	tags=69%, list=16%, signal=82%	
REACTOME_SYNTHESIS_OF_BILE_ACIDS_AND_BILE_SALTS_VIA_7ALPHA_HYDROXYCHOLESTEROL	REACTOME_SYNTHESIS_OF_BILE_ACIDS_AND_BILE_SALTS_VIA_7ALPHA_HYDROXYCHOLESTEROL		17	0.83586353	1.845771	0.0	0.01605839	0.415	506	tags=82%, list=11%, signal=92%	
KEGG_HISTIDINE_METABOLISM	KEGG_HISTIDINE_METABOLISM		15	0.8486161	1.8446263	0.0	0.015951058	0.418	689	tags=93%, list=15%, signal=110%	
KEGG_GLYCEROLIPID_METABOLISM	KEGG_GLYCEROLIPID_METABOLISM		17	0.7198264	1.8367189	0.0	0.017328877	0.436	661	tags=65%, list=15%, signal=76%	
WP_NUCLEAR_RECEPTORS_METAPATHWAY	WP_NUCLEAR_RECEPTORS_METAPATHWAY		123	0.5281653	1.832519	0.0034482758	0.017984241	0.453	768	tags=46%, list=17%, signal=54%	
REACTOME_THE_CITRIC_ACID_TCA_CYCLE_AND_RESPIRATORY_ELECTRON_TRANSPORT	REACTOME_THE_CITRIC_ACID_TCA_CYCLE_AND_RESPIRATORY_ELECTRON_TRANSPORT		119	0.61863446	1.8197867	0.020952381	0.02045277	0.499	1328	tags=73%, list=30%, signal=101%	
WP_ONE_CARBON_METABOLISM	WP_ONE_CARBON_METABOLISM		18	0.6464486	1.8194042	0.005628518	0.02014561	0.5	345	tags=50%, list=8%, signal=54%	
WP_ONE_CARBON_METABOLISM_AND_RELATED_PATHWAYS	WP_ONE_CARBON_METABOLISM_AND_RELATED_PATHWAYS		32	0.60357213	1.8156772	0.011278195	0.020639163	0.508	342	tags=34%, list=8%, signal=37%	
KEGG_LYSINE_DEGRADATION	KEGG_LYSINE_DEGRADATION		25	0.69680333	1.8134297	0.0149532715	0.020764744	0.521	727	tags=76%, list=16%, signal=90%	
REACTOME_BRANCHED_CHAIN_AMINO_ACID_CATABOLISM	REACTOME_BRANCHED_CHAIN_AMINO_ACID_CATABOLISM		18	0.80921066	1.7889456	0.003875969	0.027574718	0.597	692	tags=89%, list=15%, signal=105%	
PID_HNF3B_PATHWAY	PID_HNF3B_PATHWAY		22	0.64108276	1.7859527	0.003629764	0.027903808	0.604	537	tags=50%, list=12%, signal=57%	
WP_VITAMIN_A_AND_CAROTENOID_METABOLISM	WP_VITAMIN_A_AND_CAROTENOID_METABOLISM		16	0.67911845	1.785919	0.010830325	0.027401833	0.604	914	tags=75%, list=20%, signal=94%	
KEGG_STEROID_HORMONE_BIOSYNTHESIS	KEGG_STEROID_HORMONE_BIOSYNTHESIS		26	0.7419582	1.7850292	0.0074487897	0.02720227	0.607	723	tags=77%, list=16%, signal=91%	
REACTOME_ACTIVATION_OF_GENE_EXPRESSION_BY_SREBF_SREBP_	REACTOME_ACTIVATION_OF_GENE_EXPRESSION_BY_SREBF_SREBP_		22	0.7158155	1.7754759	0.014787431	0.029887738	0.628	1006	tags=73%, list=22%, signal=93%	
WP_CONSTITUTIVE_ANDROSTANE_RECEPTOR_PATHWAY	WP_CONSTITUTIVE_ANDROSTANE_RECEPTOR_PATHWAY		22	0.6771258	1.7745262	0.008710802	0.02965328	0.63	746	tags=64%, list=17%, signal=76%	
KEGG_TRYPTOPHAN_METABOLISM	KEGG_TRYPTOPHAN_METABOLISM		29	0.72746056	1.7699598	0.012915129	0.03053781	0.65	753	tags=76%, list=17%, signal=91%	
REACTOME_PEROXISOMAL_LIPID_METABOLISM	REACTOME_PEROXISOMAL_LIPID_METABOLISM		24	0.7720243	1.7668715	0.015414258	0.031078782	0.659	751	tags=75%, list=17%, signal=90%	
KEGG_GLYCINE_SERINE_AND_THREONINE_METABOLISM	KEGG_GLYCINE_SERINE_AND_THREONINE_METABOLISM		27	0.72294825	1.7639205	0.013157895	0.031510036	0.67	813	tags=70%, list=18%, signal=85%	
REACTOME_REGULATION_OF_CHOLESTEROL_BIOSYNTHESIS_BY_SREBP_SREBF_	REACTOME_REGULATION_OF_CHOLESTEROL_BIOSYNTHESIS_BY_SREBP_SREBF_		30	0.63503474	1.752851	0.023941068	0.03489927	0.701	578	tags=50%, list=13%, signal=57%	
REACTOME_RESPIRATORY_ELECTRON_TRANSPORT_ATP_SYNTHESIS_BY_CHEMIOSMOTIC_COUPLING_AND_HEAT_PRODUCTION_BY_UNCOUPLING_PROTEINS_	REACTOME_RESPIRATORY_ELECTRON_TRANSPORT_ATP_SYNTHESIS_BY_CHEMIOSMOTIC_COUPLING_AND_HEAT_PRODUCTION_BY_UNCOUPLING_PROTEINS_		80	0.63688457	1.751064	0.023346303	0.03500536	0.707	1328	tags=78%, list=30%, signal=108%	
WP_OXIDATION_BY_CYTOCHROME_P450	WP_OXIDATION_BY_CYTOCHROME_P450		26	0.75339514	1.7503109	0.014159292	0.034656465	0.708	998	tags=85%, list=22%, signal=108%	
REACTOME_VISUAL_PHOTOTRANSDUCTION	REACTOME_VISUAL_PHOTOTRANSDUCTION		36	0.54844964	1.7482195	0.014285714	0.034970976	0.717	720	tags=44%, list=16%, signal=53%	
KEGG_ARACHIDONIC_ACID_METABOLISM	KEGG_ARACHIDONIC_ACID_METABOLISM		22	0.64577293	1.7477013	0.015929203	0.034555648	0.717	506	tags=50%, list=11%, signal=56%	
KEGG_PENTOSE_AND_GLUCURONATE_INTERCONVERSIONS	KEGG_PENTOSE_AND_GLUCURONATE_INTERCONVERSIONS		18	0.7257023	1.7432086	0.020872865	0.035733707	0.725	774	tags=72%, list=17%, signal=87%	
REACTOME_RESPIRATORY_ELECTRON_TRANSPORT	REACTOME_RESPIRATORY_ELECTRON_TRANSPORT		66	0.6264991	1.7422104	0.026717557	0.035568662	0.726	1516	tags=83%, list=34%, signal=124%	
REACTOME_CHOLESTEROL_BIOSYNTHESIS	REACTOME_CHOLESTEROL_BIOSYNTHESIS		18	0.75752866	1.7098268	0.017208412	0.04713592	0.802	562	tags=67%, list=13%, signal=76%	
WP_TRYPTOPHAN_METABOLISM	WP_TRYPTOPHAN_METABOLISM		27	0.730534	1.7068005	0.010657194	0.0478965	0.809	753	tags=81%, list=17%, signal=97%	
WP_PREGNANE_X_RECEPTOR_PATHWAY	WP_PREGNANE_X_RECEPTOR_PATHWAY		21	0.63366425	1.7002779	0.011608624	0.049818955	0.822	707	tags=62%, list=16%, signal=73%	
REACTOME_SIGNALING_BY_RETINOIC_ACID	REACTOME_SIGNALING_BY_RETINOIC_ACID		25	0.6208808	1.6982023	0.011173184	0.04995054	0.823	720	tags=56%, list=16%, signal=66%	
WP_NRF2_PATHWAY	WP_NRF2_PATHWAY		55	0.5624421	1.6966543	0.03041825	0.04997166	0.824	764	tags=49%, list=17%, signal=58%	
REACTOME_CYTOCHROME_P450_ARRANGED_BY_SUBSTRATE_TYPE	REACTOME_CYTOCHROME_P450_ARRANGED_BY_SUBSTRATE_TYPE		24	0.76249516	1.694285	0.0054054055	0.050251864	0.827	453	tags=71%, list=10%, signal=78%	
KEGG_CITRATE_CYCLE_TCA_CYCLE	KEGG_CITRATE_CYCLE_TCA_CYCLE		27	0.72026193	1.676826	0.028225806	0.057455476	0.843	705	tags=63%, list=16%, signal=74%	
WP_STEROL_REGULATORY_ELEMENTBINDING_PROTEINS_SREBP_SIGNALLING	WP_STEROL_REGULATORY_ELEMENTBINDING_PROTEINS_SREBP_SIGNALLING		37	0.565938	1.6720574	0.025735294	0.059544206	0.854	1006	tags=62%, list=22%, signal=79%	
KEGG_CYSTEINE_AND_METHIONINE_METABOLISM	KEGG_CYSTEINE_AND_METHIONINE_METABOLISM		24	0.527692	1.6630338	0.015625	0.06355332	0.867	820	tags=46%, list=18%, signal=56%	
REACTOME_METABOLISM_OF_FAT_SOLUBLE_VITAMINS	REACTOME_METABOLISM_OF_FAT_SOLUBLE_VITAMINS		28	0.5715212	1.6624618	0.032906763	0.063010596	0.867	663	tags=50%, list=15%, signal=58%	
REACTOME_PYRUVATE_METABOLISM_AND_CITRIC_ACID_TCA_CYCLE	REACTOME_PYRUVATE_METABOLISM_AND_CITRIC_ACID_TCA_CYCLE		41	0.59446824	1.6624023	0.03818182	0.062229883	0.867	805	tags=49%, list=18%, signal=59%	
REACTOME_TRANSCRIPTIONAL_ACTIVATION_OF_MITOCHONDRIAL_BIOGENESIS	REACTOME_TRANSCRIPTIONAL_ACTIVATION_OF_MITOCHONDRIAL_BIOGENESIS		21	0.56499374	1.6534292	0.01718213	0.06598879	0.875	870	tags=48%, list=19%, signal=59%	
KEGG_ASCORBATE_AND_ALDARATE_METABOLISM	KEGG_ASCORBATE_AND_ALDARATE_METABOLISM		17	0.76146716	1.6525215	0.036821704	0.06561455	0.876	774	tags=82%, list=17%, signal=99%	
REACTOME_MITOCHONDRIAL_BIOGENESIS	REACTOME_MITOCHONDRIAL_BIOGENESIS		45	0.5754196	1.6515998	0.03512015	0.06525969	0.878	1008	tags=58%, list=22%, signal=74%	
WP_MITOCHONDRIAL_COMPLEX_I_ASSEMBLY_MODEL_OXPHOS_SYSTEM	WP_MITOCHONDRIAL_COMPLEX_I_ASSEMBLY_MODEL_OXPHOS_SYSTEM		36	0.6297262	1.6430552	0.036679536	0.06876443	0.892	1663	tags=94%, list=37%, signal=149%	
KEGG_ABC_TRANSPORTERS	KEGG_ABC_TRANSPORTERS		17	0.608723	1.6368153	0.029411765	0.071297035	0.894	480	tags=47%, list=11%, signal=53%	
WP_AMPACTIVATED_PROTEIN_KINASE_AMPK_SIGNALING	WP_AMPACTIVATED_PROTEIN_KINASE_AMPK_SIGNALING		20	0.5736717	1.6273017	0.021194605	0.07570601	0.898	966	tags=55%, list=22%, signal=70%	
KEGG_GLYCOLYSIS_GLUCONEOGENESIS	KEGG_GLYCOLYSIS_GLUCONEOGENESIS		51	0.54755557	1.626366	0.04232804	0.07524956	0.898	749	tags=49%, list=17%, signal=58%	
BIOCARTA_PPARA_PATHWAY	BIOCARTA_PPARA_PATHWAY		20	0.5474724	1.6260543	0.022304833	0.07456545	0.898	224	tags=20%, list=5%, signal=21%	
REACTOME_MITOCHONDRIAL_PROTEIN_IMPORT	REACTOME_MITOCHONDRIAL_PROTEIN_IMPORT		42	0.5889211	1.6202198	0.055876687	0.07698516	0.907	1079	tags=55%, list=24%, signal=71%	
WP_TCA_CYCLE_AND_DEFICIENCY_OF_PYRUVATE_DEHYDROGENASE_COMPLEX_PDHC	WP_TCA_CYCLE_AND_DEFICIENCY_OF_PYRUVATE_DEHYDROGENASE_COMPLEX_PDHC		16	0.7020098	1.6160598	0.055776894	0.07867605	0.908	705	tags=63%, list=16%, signal=74%	
WP_OXIDATIVE_STRESS	WP_OXIDATIVE_STRESS		20	0.55166435	1.6152171	0.032882012	0.07825034	0.909	619	tags=40%, list=14%, signal=46%	
WP_GLUCURONIDATION	WP_GLUCURONIDATION		18	0.66020507	1.6042507	0.05323194	0.0839022	0.915	1309	tags=83%, list=29%, signal=117%	
REACTOME_REGULATION_OF_LIPID_METABOLISM_BY_PPARALPHA	REACTOME_REGULATION_OF_LIPID_METABOLISM_BY_PPARALPHA		32	0.5044215	1.6020554	0.027681662	0.08444506	0.917	1069	tags=44%, list=24%, signal=57%	
WP_TAMOXIFEN_METABOLISM	WP_TAMOXIFEN_METABOLISM		16	0.78472733	1.6002442	0.049270075	0.08455274	0.918	968	tags=94%, list=22%, signal=119%	
WP_ELECTRON_TRANSPORT_CHAIN_OXPHOS_SYSTEM_IN_MITOCHONDRIA	WP_ELECTRON_TRANSPORT_CHAIN_OXPHOS_SYSTEM_IN_MITOCHONDRIA		64	0.5893371	1.5856167	0.092843324	0.092316575	0.923	1545	tags=83%, list=34%, signal=125%	
WP_MITOCHONDRIAL_CIV_ASSEMBLY	WP_MITOCHONDRIAL_CIV_ASSEMBLY		16	0.70680404	1.5848287	0.04789272	0.09192263	0.925	1325	tags=100%, list=30%, signal=141%	
REACTOME_COMPLEX_I_BIOGENESIS	REACTOME_COMPLEX_I_BIOGENESIS		38	0.6040309	1.5701808	0.068897635	0.100366615	0.929	1663	tags=87%, list=37%, signal=137%	
REACTOME_ARACHIDONIC_ACID_METABOLISM	REACTOME_ARACHIDONIC_ACID_METABOLISM		29	0.56291825	1.5701115	0.054347824	0.0993655	0.929	506	tags=45%, list=11%, signal=50%	
KEGG_ADIPOCYTOKINE_SIGNALING_PATHWAY	KEGG_ADIPOCYTOKINE_SIGNALING_PATHWAY		24	0.5083747	1.553311	0.041516244	0.110382386	0.937	966	tags=50%, list=22%, signal=63%	
KEGG_GLUTATHIONE_METABOLISM	KEGG_GLUTATHIONE_METABOLISM		39	0.45824826	1.5409577	0.044609666	0.11806571	0.944	641	tags=33%, list=14%, signal=39%	
WP_TRANSSULFURATION_AND_ONE_CARBON_METABOLISM	WP_TRANSSULFURATION_AND_ONE_CARBON_METABOLISM		20	0.56373036	1.534802	0.078095235	0.12138438	0.945	813	tags=55%, list=18%, signal=67%	
WP_22Q112_DELETION_SYNDROME	WP_22Q112_DELETION_SYNDROME		24	0.5107493	1.5232347	0.042105265	0.12950768	0.949	1422	tags=63%, list=32%, signal=91%	
WP_PPAR_ALPHA_PATHWAY	WP_PPAR_ALPHA_PATHWAY		17	0.648477	1.5140586	0.07550645	0.13562298	0.953	676	tags=65%, list=15%, signal=76%	
REACTOME_GLUCONEOGENESIS	REACTOME_GLUCONEOGENESIS		28	0.5986268	1.5125947	0.10845588	0.13539876	0.953	492	tags=46%, list=11%, signal=52%	
WP_NONALCOHOLIC_FATTY_LIVER_DISEASE	WP_NONALCOHOLIC_FATTY_LIVER_DISEASE		73	0.5049432	1.5099621	0.092156865	0.13632983	0.953	1663	tags=77%, list=37%, signal=120%	
WP_LIPID_METABOLISM_PATHWAY	WP_LIPID_METABOLISM_PATHWAY		15	0.6109598	1.5053436	0.05905512	0.13895631	0.955	1426	tags=87%, list=32%, signal=127%	
REACTOME_NICOTINATE_METABOLISM	REACTOME_NICOTINATE_METABOLISM		17	0.5328186	1.5023174	0.053308822	0.14005652	0.955	647	tags=41%, list=14%, signal=48%	
WP_GLUTATHIONE_METABOLISM	WP_GLUTATHIONE_METABOLISM		15	0.536029	1.5018908	0.054545455	0.13911422	0.956	187	tags=27%, list=4%, signal=28%	
WP_TCA_CYCLE_AKA_KREBS_OR_CITRIC_ACID_CYCLE	WP_TCA_CYCLE_AKA_KREBS_OR_CITRIC_ACID_CYCLE		16	0.6972884	1.4913672	0.0951417	0.1466254	0.957	697	tags=56%, list=16%, signal=66%	
REACTOME_CITRIC_ACID_CYCLE_TCA_CYCLE_	REACTOME_CITRIC_ACID_CYCLE_TCA_CYCLE_		19	0.66366243	1.4758966	0.11576846	0.15840852	0.962	805	tags=58%, list=18%, signal=70%	
WP_ARYL_HYDROCARBON_RECEPTOR_PATHWAY	WP_ARYL_HYDROCARBON_RECEPTOR_PATHWAY		21	0.5392396	1.4740895	0.07678883	0.15862344	0.963	968	tags=52%, list=22%, signal=66%	
REACTOME_DETOXIFICATION_OF_REACTIVE_OXYGEN_SPECIES	REACTOME_DETOXIFICATION_OF_REACTIVE_OXYGEN_SPECIES		29	0.4619665	1.4720962	0.06754221	0.15912941	0.963	654	tags=41%, list=15%, signal=48%	
REACTOME_METABOLISM_OF_PORPHYRINS	REACTOME_METABOLISM_OF_PORPHYRINS		16	0.5666492	1.471247	0.064124785	0.15842165	0.964	926	tags=50%, list=21%, signal=63%	
KEGG_PARKINSONS_DISEASE	KEGG_PARKINSONS_DISEASE		73	0.5060429	1.4592896	0.12524085	0.16835172	0.967	1305	tags=64%, list=29%, signal=89%	
REACTOME_DISEASES_OF_CARBOHYDRATE_METABOLISM	REACTOME_DISEASES_OF_CARBOHYDRATE_METABOLISM		20	0.49641085	1.4506322	0.08409506	0.17513144	0.971	908	tags=40%, list=20%, signal=50%	
WP_METHIONINE_DE_NOVO_AND_SALVAGE_PATHWAY	WP_METHIONINE_DE_NOVO_AND_SALVAGE_PATHWAY		19	0.4879928	1.4416286	0.06407767	0.18214689	0.973	1116	tags=53%, list=25%, signal=70%	
WP_OXIDATIVE_PHOSPHORYLATION	WP_OXIDATIVE_PHOSPHORYLATION		42	0.54718864	1.439218	0.13203883	0.1829165	0.973	1663	tags=86%, list=37%, signal=135%	
REACTOME_METABOLISM_OF_CARBOHYDRATES	REACTOME_METABOLISM_OF_CARBOHYDRATES		143	0.3540192	1.4251659	0.054867256	0.19520245	0.977	579	tags=23%, list=13%, signal=26%	
REACTOME_CRISTAE_FORMATION	REACTOME_CRISTAE_FORMATION		22	0.64720607	1.3906093	0.1875	0.23032705	0.984	1008	tags=73%, list=22%, signal=93%	
REACTOME_MITOCHONDRIAL_TRANSLATION	REACTOME_MITOCHONDRIAL_TRANSLATION		72	0.52672786	1.3840039	0.18712273	0.23544422	0.986	1556	tags=67%, list=35%, signal=100%	
KEGG_ALZHEIMERS_DISEASE	KEGG_ALZHEIMERS_DISEASE		81	0.44531852	1.3732228	0.16030534	0.24588768	0.988	1305	tags=57%, list=29%, signal=79%	
KEGG_PORPHYRIN_AND_CHLOROPHYLL_METABOLISM	KEGG_PORPHYRIN_AND_CHLOROPHYLL_METABOLISM		29	0.46819517	1.3700483	0.13843352	0.24732614	0.988	723	tags=38%, list=16%, signal=45%	
WP_SELENIUM_MICRONUTRIENT_NETWORK	WP_SELENIUM_MICRONUTRIENT_NETWORK		51	0.38680744	1.367216	0.10554562	0.24838465	0.988	716	tags=31%, list=16%, signal=37%	
KEGG_STARCH_AND_SUCROSE_METABOLISM	KEGG_STARCH_AND_SUCROSE_METABOLISM		32	0.4912316	1.3667115	0.14440434	0.24696288	0.988	908	tags=53%, list=20%, signal=66%	
REACTOME_PLASMA_LIPOPROTEIN_ASSEMBLY	REACTOME_PLASMA_LIPOPROTEIN_ASSEMBLY		15	0.57712096	1.356366	0.16195858	0.25680858	0.988	589	tags=47%, list=13%, signal=54%	
REACTOME_NUCLEOBASE_CATABOLISM	REACTOME_NUCLEOBASE_CATABOLISM		20	0.45781612	1.3254578	0.15294118	0.29226086	0.992	704	tags=35%, list=16%, signal=41%	
REACTOME_PYRUVATE_METABOLISM	REACTOME_PYRUVATE_METABOLISM		20	0.4871419	1.3140432	0.1732852	0.30409092	0.993	917	tags=40%, list=20%, signal=50%	
WP_SUDDEN_INFANT_DEATH_SYNDROME_SIDS_SUSCEPTIBILITY_PATHWAYS	WP_SUDDEN_INFANT_DEATH_SYNDROME_SIDS_SUSCEPTIBILITY_PATHWAYS		42	0.38704297	1.3084117	0.12915128	0.30907893	0.994	759	tags=36%, list=17%, signal=43%	
REACTOME_GAMMA_CARBOXYLATION_HYPUSINE_FORMATION_AND_ARYLSULFATASE_ACTIVATION	REACTOME_GAMMA_CARBOXYLATION_HYPUSINE_FORMATION_AND_ARYLSULFATASE_ACTIVATION		18	0.4762252	1.2988489	0.17989418	0.3191755	0.994	778	tags=44%, list=17%, signal=54%	
WP_FOLATE_METABOLISM	WP_FOLATE_METABOLISM		40	0.38163894	1.2837526	0.17870036	0.3368964	0.994	851	tags=35%, list=19%, signal=43%	
REACTOME_METABOLISM_OF_NUCLEOTIDES	REACTOME_METABOLISM_OF_NUCLEOTIDES		64	0.35150757	1.2802762	0.15414259	0.33894238	0.994	612	tags=22%, list=14%, signal=25%	
WP_VITAMIN_B12_METABOLISM	WP_VITAMIN_B12_METABOLISM		32	0.3982108	1.2800791	0.17168142	0.3366214	0.994	813	tags=41%, list=18%, signal=49%	
REACTOME_ABC_FAMILY_PROTEINS_MEDIATED_TRANSPORT	REACTOME_ABC_FAMILY_PROTEINS_MEDIATED_TRANSPORT		70	0.38485444	1.2800238	0.19114688	0.33412784	0.994	609	tags=20%, list=14%, signal=23%	
REACTOME_GLYCEROPHOSPHOLIPID_BIOSYNTHESIS	REACTOME_GLYCEROPHOSPHOLIPID_BIOSYNTHESIS		36	0.37958956	1.2650827	0.13919415	0.35155168	0.996	665	tags=25%, list=15%, signal=29%	
KEGG_OXIDATIVE_PHOSPHORYLATION	KEGG_OXIDATIVE_PHOSPHORYLATION		74	0.4379677	1.262377	0.25708884	0.35252622	0.996	1305	tags=61%, list=29%, signal=84%	
KEGG_GALACTOSE_METABOLISM	KEGG_GALACTOSE_METABOLISM		19	0.41850284	1.2623028	0.17615658	0.350033	0.996	847	tags=37%, list=19%, signal=45%	
REACTOME_TP53_REGULATES_METABOLIC_GENES	REACTOME_TP53_REGULATES_METABOLIC_GENES		50	0.38681757	1.2565693	0.20634921	0.3554927	0.996	1056	tags=46%, list=24%, signal=59%	
WP_CYTOPLASMIC_RIBOSOMAL_PROTEINS	WP_CYTOPLASMIC_RIBOSOMAL_PROTEINS		73	0.5016608	1.2555254	0.2927835	0.35422492	0.996	1805	tags=66%, list=40%, signal=108%	
KEGG_RIBOSOME	KEGG_RIBOSOME		73	0.49687892	1.2541817	0.29218107	0.35341454	0.996	1805	tags=67%, list=40%, signal=111%	
REACTOME_SRP_DEPENDENT_COTRANSLATIONAL_PROTEIN_TARGETING_TO_MEMBRANE	REACTOME_SRP_DEPENDENT_COTRANSLATIONAL_PROTEIN_TARGETING_TO_MEMBRANE		93	0.4599223	1.2459297	0.30425963	0.3620071	0.996	1859	tags=65%, list=41%, signal=108%	
REACTOME_VEGFR2_MEDIATED_VASCULAR_PERMEABILITY	REACTOME_VEGFR2_MEDIATED_VASCULAR_PERMEABILITY		15	0.46479595	1.2441964	0.2401501	0.3616702	0.997	825	tags=40%, list=18%, signal=49%	
REACTOME_INTERCONVERSION_OF_NUCLEOTIDE_DI_AND_TRIPHOSPHATES	REACTOME_INTERCONVERSION_OF_NUCLEOTIDE_DI_AND_TRIPHOSPHATES		21	0.4010987	1.2252517	0.22264875	0.38450402	0.997	612	tags=24%, list=14%, signal=27%	
REACTOME_GLUCOSE_METABOLISM	REACTOME_GLUCOSE_METABOLISM		70	0.3376446	1.1963832	0.23024055	0.4239377	0.997	492	tags=20%, list=11%, signal=22%	
WP_GLYCOLYSIS_AND_GLUCONEOGENESIS	WP_GLYCOLYSIS_AND_GLUCONEOGENESIS		38	0.43059823	1.1942579	0.2862191	0.4239959	0.997	492	tags=32%, list=11%, signal=35%	
REACTOME_RESPONSE_OF_EIF2AK4_GCN2_TO_AMINO_ACID_DEFICIENCY	REACTOME_RESPONSE_OF_EIF2AK4_GCN2_TO_AMINO_ACID_DEFICIENCY		78	0.46643776	1.1895663	0.3457557	0.42824364	0.997	1805	tags=65%, list=40%, signal=108%	
REACTOME_EUKARYOTIC_TRANSLATION_ELONGATION	REACTOME_EUKARYOTIC_TRANSLATION_ELONGATION		78	0.4552734	1.1698056	0.36494845	0.45402798	0.998	1805	tags=67%, list=40%, signal=110%	
WP_NEURODEGENERATION_WITH_BRAIN_IRON_ACCUMULATION_NBIA_SUBTYPES_PATHWAY	WP_NEURODEGENERATION_WITH_BRAIN_IRON_ACCUMULATION_NBIA_SUBTYPES_PATHWAY		21	0.38691488	1.1532619	0.26860255	0.47609365	0.999	1231	tags=48%, list=27%, signal=65%	
WP_FERROPTOSIS	WP_FERROPTOSIS		26	0.34604722	1.1424468	0.2977528	0.48946992	1.0	1070	tags=35%, list=24%, signal=45%	
WP_THERMOGENESIS	WP_THERMOGENESIS		34	0.35394397	1.1371976	0.30783582	0.4940778	1.0	1069	tags=35%, list=24%, signal=46%	
KEGG_PENTOSE_PHOSPHATE_PATHWAY	KEGG_PENTOSE_PHOSPHATE_PATHWAY		20	0.3999814	1.1371223	0.3227612	0.49087855	1.0	495	tags=25%, list=11%, signal=28%	
WP_METABOLIC_REPROGRAMMING_IN_COLON_CANCER	WP_METABOLIC_REPROGRAMMING_IN_COLON_CANCER		41	0.35877585	1.1288493	0.32029796	0.49966484	1.0	697	tags=29%, list=16%, signal=34%	
REACTOME_SELENOAMINO_ACID_METABOLISM	REACTOME_SELENOAMINO_ACID_METABOLISM		99	0.38536003	1.1280645	0.37728193	0.49752438	1.0	1805	tags=61%, list=40%, signal=99%	
WP_TARGET_OF_RAPAMYCIN_TOR_SIGNALING	WP_TARGET_OF_RAPAMYCIN_TOR_SIGNALING		16	0.43543	1.1220955	0.35969868	0.5034084	1.0	1063	tags=44%, list=24%, signal=57%	
REACTOME_SIGNALING_BY_NUCLEAR_RECEPTORS	REACTOME_SIGNALING_BY_NUCLEAR_RECEPTORS		94	0.29253596	1.1203458	0.28822497	0.50261486	1.0	720	tags=24%, list=16%, signal=29%	
PID_ERA_GENOMIC_PATHWAY	PID_ERA_GENOMIC_PATHWAY		21	0.35497153	1.1107267	0.32282004	0.5139426	1.0	939	tags=33%, list=21%, signal=42%	
REACTOME_CARGO_CONCENTRATION_IN_THE_ER	REACTOME_CARGO_CONCENTRATION_IN_THE_ER		21	0.3964223	1.1103376	0.3785851	0.51121485	1.0	826	tags=38%, list=18%, signal=46%	
KEGG_HUNTINGTONS_DISEASE	KEGG_HUNTINGTONS_DISEASE		94	0.34470993	1.0847834	0.3899614	0.5466657	1.0	1305	tags=48%, list=29%, signal=66%	
KEGG_FRUCTOSE_AND_MANNOSE_METABOLISM	KEGG_FRUCTOSE_AND_MANNOSE_METABOLISM		25	0.37100738	1.0839195	0.35689047	0.5444305	1.0	293	tags=20%, list=7%, signal=21%	
REACTOME_ABC_TRANSPORTER_DISORDERS	REACTOME_ABC_TRANSPORTER_DISORDERS		60	0.3304896	1.0822517	0.41699606	0.54343444	1.0	609	tags=18%, list=14%, signal=21%	
KEGG_AMINO_SUGAR_AND_NUCLEOTIDE_SUGAR_METABOLISM	KEGG_AMINO_SUGAR_AND_NUCLEOTIDE_SUGAR_METABOLISM		38	0.33159494	1.0813175	0.35916823	0.5414673	1.0	1264	tags=45%, list=28%, signal=62%	
KEGG_PYRIMIDINE_METABOLISM	KEGG_PYRIMIDINE_METABOLISM		44	0.31709564	1.0801104	0.3673077	0.5398401	1.0	632	tags=20%, list=14%, signal=24%	
BIOCARTA_PROTEASOME_PATHWAY	BIOCARTA_PROTEASOME_PATHWAY		18	0.42121878	1.0755498	0.42276424	0.5436532	1.0	437	tags=17%, list=10%, signal=18%	
REACTOME_TRANSPORT_OF_SMALL_MOLECULES	REACTOME_TRANSPORT_OF_SMALL_MOLECULES		211	0.26212823	1.0448099	0.41947564	0.5875138	1.0	878	tags=23%, list=20%, signal=28%	
REACTOME_SYNTHESIS_OF_SUBSTRATES_IN_N_GLYCAN_BIOSYTHESIS	REACTOME_SYNTHESIS_OF_SUBSTRATES_IN_N_GLYCAN_BIOSYTHESIS		29	0.33793828	1.0423069	0.43079922	0.58772844	1.0	1214	tags=38%, list=27%, signal=52%	
REACTOME_INTEGRATION_OF_ENERGY_METABOLISM	REACTOME_INTEGRATION_OF_ENERGY_METABOLISM		34	0.31139198	1.0390016	0.43035713	0.58921623	1.0	966	tags=35%, list=22%, signal=45%	
WP_PATHWAYS_IN_CLEAR_CELL_RENAL_CELL_CARCINOMA	WP_PATHWAYS_IN_CLEAR_CELL_RENAL_CELL_CARCINOMA		51	0.31194437	1.0343095	0.4225352	0.5925767	1.0	1063	tags=39%, list=24%, signal=51%	
KEGG_CARDIAC_MUSCLE_CONTRACTION	KEGG_CARDIAC_MUSCLE_CONTRACTION		22	0.41387698	1.0337763	0.47591522	0.58981806	1.0	1393	tags=73%, list=31%, signal=105%	
WP_GENOTOXICITY_PATHWAY	WP_GENOTOXICITY_PATHWAY		15	0.36080134	1.0330648	0.42647058	0.5873205	1.0	1207	tags=47%, list=27%, signal=64%	
PID_E2F_PATHWAY	PID_E2F_PATHWAY		18	0.35161555	1.0207697	0.4252669	0.6029096	1.0	287	tags=17%, list=6%, signal=18%	
WP_WNT_SIGNALING_PATHWAY_NETPATH	WP_WNT_SIGNALING_PATHWAY_NETPATH		18	0.3411955	1.0150881	0.45970696	0.6078324	1.0	1080	tags=28%, list=24%, signal=36%	
REACTOME_PLASMA_LIPOPROTEIN_ASSEMBLY_REMODELING_AND_CLEARANCE	REACTOME_PLASMA_LIPOPROTEIN_ASSEMBLY_REMODELING_AND_CLEARANCE		31	0.33270335	1.0074835	0.45787546	0.61564094	1.0	695	tags=29%, list=15%, signal=34%	
REACTOME_FOXO_MEDIATED_TRANSCRIPTION	REACTOME_FOXO_MEDIATED_TRANSCRIPTION		19	0.34009397	0.9991669	0.4686941	0.6245688	1.0	825	tags=32%, list=18%, signal=39%	
KEGG_N_GLYCAN_BIOSYNTHESIS	KEGG_N_GLYCAN_BIOSYNTHESIS		21	0.360609	0.9819854	0.4892368	0.646658	1.0	1718	tags=62%, list=38%, signal=100%	
KEGG_INSULIN_SIGNALING_PATHWAY	KEGG_INSULIN_SIGNALING_PATHWAY		59	0.2756156	0.96779823	0.5250896	0.66473377	1.0	1020	tags=31%, list=23%, signal=39%	
WP_THE_OVERLAP_BETWEEN_SIGNAL_TRANSDUCTION_PATHWAYS_THAT_CONTRIBUTE_TO_A_RANGE_OF_LMNA_LAMINOPATHIES	WP_THE_OVERLAP_BETWEEN_SIGNAL_TRANSDUCTION_PATHWAYS_THAT_CONTRIBUTE_TO_A_RANGE_OF_LMNA_LAMINOPATHIES		15	0.36100492	0.96578383	0.5202206	0.66418266	1.0	1347	tags=47%, list=30%, signal=66%	
WP_GENES_INVOLVED_IN_MALE_INFERTILITY	WP_GENES_INVOLVED_IN_MALE_INFERTILITY		38	0.27364016	0.9630204	0.52449566	0.6646371	1.0	867	tags=26%, list=19%, signal=32%	
REACTOME_DISEASES_OF_GLYCOSYLATION	REACTOME_DISEASES_OF_GLYCOSYLATION		43	0.2945773	0.9619652	0.5265018	0.66244835	1.0	730	tags=21%, list=16%, signal=25%	
REACTOME_TRANSLATION	REACTOME_TRANSLATION		244	0.2950817	0.9453958	0.5281125	0.6845507	1.0	1825	tags=58%, list=41%, signal=93%	
PID_P53_REGULATION_PATHWAY	PID_P53_REGULATION_PATHWAY		21	0.31888127	0.9446309	0.5432781	0.68181235	1.0	618	tags=14%, list=14%, signal=16%	
REACTOME_MITOCHONDRIAL_TRNA_AMINOACYLATION	REACTOME_MITOCHONDRIAL_TRNA_AMINOACYLATION		19	0.37112933	0.9442192	0.5281125	0.67858124	1.0	1032	tags=37%, list=23%, signal=48%	
WP_SYNAPTIC_SIGNALING_PATHWAYS_ASSOCIATED_WITH_AUTISM_SPECTRUM_DISORDER	WP_SYNAPTIC_SIGNALING_PATHWAYS_ASSOCIATED_WITH_AUTISM_SPECTRUM_DISORDER		15	0.34488	0.9342298	0.5513308	0.69013596	1.0	966	tags=27%, list=22%, signal=34%	
REACTOME_G_ALPHA_I_SIGNALLING_EVENTS	REACTOME_G_ALPHA_I_SIGNALLING_EVENTS		77	0.25562927	0.9259375	0.57968473	0.6993112	1.0	720	tags=23%, list=16%, signal=27%	
PID_MYC_REPRESS_PATHWAY	PID_MYC_REPRESS_PATHWAY		20	0.3110627	0.92388755	0.5462329	0.6988486	1.0	952	tags=35%, list=21%, signal=44%	
WP_MESODERMAL_COMMITMENT_PATHWAY	WP_MESODERMAL_COMMITMENT_PATHWAY		23	0.29607034	0.9235366	0.5730337	0.69560766	1.0	1313	tags=35%, list=29%, signal=49%	
KEGG_GLYCEROPHOSPHOLIPID_METABOLISM	KEGG_GLYCEROPHOSPHOLIPID_METABOLISM		19	0.3095047	0.92154396	0.5584642	0.6949286	1.0	605	tags=21%, list=13%, signal=24%	
REACTOME_CARDIAC_CONDUCTION	REACTOME_CARDIAC_CONDUCTION		20	0.30321836	0.9145111	0.57454544	0.7021008	1.0	503	tags=20%, list=11%, signal=22%	
WP_ANGIOPOIETIN_LIKE_PROTEIN_8_REGULATORY_PATHWAY	WP_ANGIOPOIETIN_LIKE_PROTEIN_8_REGULATORY_PATHWAY		44	0.2678838	0.9067245	0.5954466	0.70995784	1.0	966	tags=30%, list=22%, signal=37%	
REACTOME_BIOSYNTHESIS_OF_THE_N_GLYCAN_PRECURSOR_DOLICHOL_LIPID_LINKED_OLIGOSACCHARIDE_LLO_AND_TRANSFER_TO_A_NASCENT_PROTEIN	REACTOME_BIOSYNTHESIS_OF_THE_N_GLYCAN_PRECURSOR_DOLICHOL_LIPID_LINKED_OLIGOSACCHARIDE_LLO_AND_TRANSFER_TO_A_NASCENT_PROTEIN		35	0.28404772	0.90565753	0.58666664	0.7077851	1.0	1214	tags=34%, list=27%, signal=47%	
REACTOME_SIGNALING_BY_GPCR	REACTOME_SIGNALING_BY_GPCR		130	0.2353796	0.9042545	0.60913706	0.7060694	1.0	663	tags=21%, list=15%, signal=24%	
REACTOME_SPHINGOLIPID_METABOLISM	REACTOME_SPHINGOLIPID_METABOLISM		28	0.29943696	0.8812911	0.6168224	0.737274	1.0	1052	tags=25%, list=23%, signal=32%	
REACTOME_SLC_MEDIATED_TRANSMEMBRANE_TRANSPORT	REACTOME_SLC_MEDIATED_TRANSMEMBRANE_TRANSPORT		32	0.2589207	0.8751204	0.65217394	0.7425378	1.0	843	tags=28%, list=19%, signal=34%	
WP_ECTODERM_DIFFERENTIATION	WP_ECTODERM_DIFFERENTIATION		32	0.25771326	0.85019577	0.66140354	0.7771869	1.0	939	tags=25%, list=21%, signal=31%	
KEGG_PURINE_METABOLISM	KEGG_PURINE_METABOLISM		60	0.23343618	0.84808534	0.7001828	0.7765357	1.0	747	tags=22%, list=17%, signal=26%	
REACTOME_MTOR_SIGNALLING	REACTOME_MTOR_SIGNALLING		20	0.29905176	0.8380043	0.6990099	0.78815836	1.0	1242	tags=40%, list=28%, signal=55%	
KEGG_PROTEIN_EXPORT	KEGG_PROTEIN_EXPORT		18	0.3213167	0.83216256	0.6477495	0.7934567	1.0	3048	tags=100%, list=68%, signal=311%	
REACTOME_COPII_MEDIATED_VESICLE_TRANSPORT	REACTOME_COPII_MEDIATED_VESICLE_TRANSPORT		42	0.2643583	0.8222926	0.7024952	0.8043074	1.0	1149	tags=33%, list=26%, signal=44%	
REACTOME_EUKARYOTIC_TRANSLATION_INITIATION	REACTOME_EUKARYOTIC_TRANSLATION_INITIATION		102	0.29340756	0.8209606	0.64300203	0.80222714	1.0	1805	tags=56%, list=40%, signal=91%	
REACTOME_N_GLYCAN_TRIMMING_IN_THE_ER_AND_CALNEXIN_CALRETICULIN_CYCLE	REACTOME_N_GLYCAN_TRIMMING_IN_THE_ER_AND_CALNEXIN_CALRETICULIN_CYCLE		20	0.2981584	0.81498635	0.6976744	0.8071127	1.0	1582	tags=55%, list=35%, signal=85%	
REACTOME_ION_HOMEOSTASIS	REACTOME_ION_HOMEOSTASIS		17	0.27797198	0.8061768	0.7024952	0.81606704	1.0	503	tags=18%, list=11%, signal=20%	
KEGG_AMYOTROPHIC_LATERAL_SCLEROSIS_ALS	KEGG_AMYOTROPHIC_LATERAL_SCLEROSIS_ALS		20	0.28040305	0.80159587	0.72244096	0.81921613	1.0	654	tags=20%, list=15%, signal=23%	
WP_THYROID_HORMONES_PRODUCTION_AND_THEIR_PERIPHERAL_DOWNSTREAM_SIGNALLING_EFFECTS	WP_THYROID_HORMONES_PRODUCTION_AND_THEIR_PERIPHERAL_DOWNSTREAM_SIGNALLING_EFFECTS		20	0.280993	0.80089873	0.7419355	0.8160809	1.0	717	tags=30%, list=16%, signal=36%	
WP_RETT_SYNDROME_CAUSING_GENES	WP_RETT_SYNDROME_CAUSING_GENES		15	0.29581004	0.78499347	0.75757575	0.8362868	1.0	1450	tags=53%, list=32%, signal=79%	
REACTOME_DISORDERS_OF_TRANSMEMBRANE_TRANSPORTERS	REACTOME_DISORDERS_OF_TRANSMEMBRANE_TRANSPORTERS		98	0.21962844	0.78185993	0.7264151	0.83687335	1.0	854	tags=18%, list=19%, signal=22%	
WP_REGULATORY_CIRCUITS_OF_THE_STAT3_SIGNALING_PATHWAY	WP_REGULATORY_CIRCUITS_OF_THE_STAT3_SIGNALING_PATHWAY		17	0.26509228	0.7572639	0.80415946	0.86926085	1.0	648	tags=24%, list=14%, signal=27%	
REACTOME_PHOSPHOLIPID_METABOLISM	REACTOME_PHOSPHOLIPID_METABOLISM		60	0.21450305	0.75034153	0.8119349	0.8753043	1.0	665	tags=15%, list=15%, signal=17%	
WP_ADIPOGENESIS	WP_ADIPOGENESIS		26	0.2366866	0.7452227	0.84577113	0.8787873	1.0	884	tags=23%, list=20%, signal=29%	
WP_HEAD_AND_NECK_SQUAMOUS_CELL_CARCINOMA	WP_HEAD_AND_NECK_SQUAMOUS_CELL_CARCINOMA		26	0.24327809	0.7294113	0.8104693	0.8974737	1.0	1242	tags=38%, list=28%, signal=53%	
REACTOME_RRNA_PROCESSING	REACTOME_RRNA_PROCESSING		141	0.23620152	0.7268313	0.704501	0.8967543	1.0	1805	tags=50%, list=40%, signal=80%	
KEGG_MTOR_SIGNALING_PATHWAY	KEGG_MTOR_SIGNALING_PATHWAY		17	0.25787407	0.72152376	0.8218391	0.9002512	1.0	1242	tags=29%, list=28%, signal=41%	
REACTOME_IRE1ALPHA_ACTIVATES_CHAPERONES	REACTOME_IRE1ALPHA_ACTIVATES_CHAPERONES		27	0.24521147	0.7208728	0.80330884	0.8969506	1.0	1661	tags=56%, list=37%, signal=88%	
REACTOME_RHO_GTPASES_ACTIVATE_IQGAPS	REACTOME_RHO_GTPASES_ACTIVATE_IQGAPS		15	0.25541848	0.7164584	0.82867783	0.899127	1.0	717	tags=27%, list=16%, signal=32%	
WP_PATHWAYS_REGULATING_HIPPO_SIGNALING	WP_PATHWAYS_REGULATING_HIPPO_SIGNALING		31	0.23629431	0.71179247	0.8240741	0.9016968	1.0	1453	tags=48%, list=32%, signal=71%	
WP_ARYL_HYDROCARBON_RECEPTOR_NETPATH	WP_ARYL_HYDROCARBON_RECEPTOR_NETPATH		17	0.25369668	0.7087615	0.85299146	0.9016015	1.0	968	tags=29%, list=22%, signal=37%	
WP_DNA_DAMAGE_RESPONSE_ONLY_ATM_DEPENDENT	WP_DNA_DAMAGE_RESPONSE_ONLY_ATM_DEPENDENT		28	0.22228445	0.7050321	0.86263734	0.90240484	1.0	356	tags=11%, list=8%, signal=12%	
REACTOME_METABOLISM_OF_POLYAMINES	REACTOME_METABOLISM_OF_POLYAMINES		46	0.23147479	0.6990935	0.7636719	0.90674716	1.0	609	tags=11%, list=14%, signal=12%	
REACTOME_CA2_PATHWAY	REACTOME_CA2_PATHWAY		15	0.24642898	0.68642503	0.8780488	0.919805	1.0	939	tags=33%, list=21%, signal=42%	
WP_GLYCOGEN_SYNTHESIS_AND_DEGRADATION	WP_GLYCOGEN_SYNTHESIS_AND_DEGRADATION		24	0.24360067	0.6798559	0.83150184	0.9240945	1.0	1145	tags=38%, list=26%, signal=50%	
REACTOME_ASPARAGINE_N_LINKED_GLYCOSYLATION	REACTOME_ASPARAGINE_N_LINKED_GLYCOSYLATION		160	0.18898088	0.67906463	0.8762089	0.9209136	1.0	1258	tags=30%, list=28%, signal=40%	
WP_EXERCISEINDUCED_CIRCADIAN_REGULATION	WP_EXERCISEINDUCED_CIRCADIAN_REGULATION		18	0.22490577	0.67721593	0.8964286	0.9190822	1.0	563	tags=17%, list=13%, signal=19%	
REACTOME_DEFECTIVE_CFTR_CAUSES_CYSTIC_FIBROSIS	REACTOME_DEFECTIVE_CFTR_CAUSES_CYSTIC_FIBROSIS		51	0.2220733	0.67046195	0.81010103	0.9233243	1.0	934	tags=18%, list=21%, signal=22%	
REACTOME_G1_S_DNA_DAMAGE_CHECKPOINTS	REACTOME_G1_S_DNA_DAMAGE_CHECKPOINTS		45	0.2245964	0.67016035	0.7972167	0.9195395	1.0	609	tags=11%, list=14%, signal=13%	
REACTOME_RECOGNITION_OF_DNA_DAMAGE_BY_PCNA_CONTAINING_REPLICATION_COMPLEX	REACTOME_RECOGNITION_OF_DNA_DAMAGE_BY_PCNA_CONTAINING_REPLICATION_COMPLEX		15	0.2468065	0.6668373	0.8813869	0.91970885	1.0	729	tags=20%, list=16%, signal=24%	
REACTOME_NONSENSE_MEDIATED_DECAY_NMD_	REACTOME_NONSENSE_MEDIATED_DECAY_NMD_		90	0.23643453	0.65756416	0.7505071	0.9273378	1.0	1814	tags=58%, list=40%, signal=95%	
REACTOME_FORMATION_OF_FIBRIN_CLOT_CLOTTING_CASCADE_	REACTOME_FORMATION_OF_FIBRIN_CLOT_CLOTTING_CASCADE_		22	0.24911508	0.65403324	0.844697	0.92759746	1.0	690	tags=27%, list=15%, signal=32%	
REACTOME_HEPARAN_SULFATE_HEPARIN_HS_GAG_METABOLISM	REACTOME_HEPARAN_SULFATE_HEPARIN_HS_GAG_METABOLISM		15	0.25015253	0.65394634	0.87150836	0.92357665	1.0	663	tags=13%, list=15%, signal=16%	
REACTOME_UNFOLDED_PROTEIN_RESPONSE_UPR_	REACTOME_UNFOLDED_PROTEIN_RESPONSE_UPR_		41	0.21057504	0.65103483	0.88425046	0.92310506	1.0	1661	tags=49%, list=37%, signal=77%	
REACTOME_GLYCOSPHINGOLIPID_METABOLISM	REACTOME_GLYCOSPHINGOLIPID_METABOLISM		18	0.24580139	0.63758725	0.8792453	0.93580085	1.0	778	tags=17%, list=17%, signal=20%	
REACTOME_SIGNALING_BY_HEDGEHOG	REACTOME_SIGNALING_BY_HEDGEHOG		73	0.18703344	0.6286911	0.8715953	0.9421978	1.0	642	tags=12%, list=14%, signal=14%	
REACTOME_HEDGEHOG_LIGAND_BIOGENESIS	REACTOME_HEDGEHOG_LIGAND_BIOGENESIS		48	0.21188015	0.6275978	0.8289738	0.93933266	1.0	852	tags=15%, list=19%, signal=18%	
WP_PROXIMAL_TUBULE_TRANSPORT	WP_PROXIMAL_TUBULE_TRANSPORT		15	0.24462588	0.59934074	0.8869732	0.965789	1.0	278	tags=13%, list=6%, signal=14%	
PID_CDC42_REG_PATHWAY	PID_CDC42_REG_PATHWAY		15	0.20814238	0.5976843	0.9509091	0.96327376	1.0	775	tags=20%, list=17%, signal=24%	
WP_NUCLEOTIDE_EXCISION_REPAIR	WP_NUCLEOTIDE_EXCISION_REPAIR		18	0.21178873	0.58317316	0.9279279	0.9732749	1.0	996	tags=22%, list=22%, signal=28%	
KEGG_NUCLEOTIDE_EXCISION_REPAIR	KEGG_NUCLEOTIDE_EXCISION_REPAIR		18	0.2117887	0.58317304	0.9279279	0.96907973	1.0	996	tags=22%, list=22%, signal=28%	
REACTOME_HEDGEHOG_OFF_STATE	REACTOME_HEDGEHOG_OFF_STATE		60	0.1791157	0.57992655	0.8996139	0.9679662	1.0	642	tags=12%, list=14%, signal=13%	
PID_ALPHA_SYNUCLEIN_PATHWAY	PID_ALPHA_SYNUCLEIN_PATHWAY		17	0.1923978	0.5561073	0.9822695	0.98550487	1.0	794	tags=18%, list=18%, signal=21%	
REACTOME_MITOPHAGY	REACTOME_MITOPHAGY		15	0.21336667	0.5502445	0.9392265	0.98632616	1.0	1036	tags=27%, list=23%, signal=35%	
REACTOME_TRANSPORT_TO_THE_GOLGI_AND_SUBSEQUENT_MODIFICATION	REACTOME_TRANSPORT_TO_THE_GOLGI_AND_SUBSEQUENT_MODIFICATION		99	0.156586	0.5410039	0.96934867	0.9896804	1.0	1149	tags=26%, list=26%, signal=35%	
KEGG_RNA_DEGRADATION	KEGG_RNA_DEGRADATION		33	0.18220562	0.53809583	0.942	0.98754084	1.0	387	tags=9%, list=9%, signal=10%	
REACTOME_REGULATION_OF_PTEN_STABILITY_AND_ACTIVITY	REACTOME_REGULATION_OF_PTEN_STABILITY_AND_ACTIVITY		49	0.176735	0.53257036	0.9251012	0.9872994	1.0	609	tags=10%, list=14%, signal=12%	
REACTOME_FORMATION_OF_INCISION_COMPLEX_IN_GG_NER	REACTOME_FORMATION_OF_INCISION_COMPLEX_IN_GG_NER		16	0.19611458	0.5286685	0.9708738	0.98596257	1.0	123	tags=6%, list=3%, signal=6%	
WP_ENERGY_METABOLISM	WP_ENERGY_METABOLISM		17	0.18624967	0.52530336	0.97610295	0.9841996	1.0	1591	tags=41%, list=35%, signal=64%	
REACTOME_REGULATION_OF_EXPRESSION_OF_SLITS_AND_ROBOS	REACTOME_REGULATION_OF_EXPRESSION_OF_SLITS_AND_ROBOS		131	0.16960359	0.5218224	0.86868685	0.98247385	1.0	1814	tags=48%, list=40%, signal=78%	
REACTOME_SCF_SKP2_MEDIATED_DEGRADATION_OF_P27_P21	REACTOME_SCF_SKP2_MEDIATED_DEGRADATION_OF_P27_P21		44	0.1736311	0.5033748	0.93373495	0.9908048	1.0	609	tags=9%, list=14%, signal=10%	
REACTOME_DEGRADATION_OF_AXIN	REACTOME_DEGRADATION_OF_AXIN		42	0.17454706	0.5020116	0.92727274	0.98747677	1.0	609	tags=10%, list=14%, signal=11%	
REACTOME_DEGRADATION_OF_DVL	REACTOME_DEGRADATION_OF_DVL		43	0.17224406	0.49761984	0.9268293	0.9858132	1.0	609	tags=9%, list=14%, signal=11%	
WP_PURINE_METABOLISM_AND_RELATED_DISORDERS	WP_PURINE_METABOLISM_AND_RELATED_DISORDERS		17	0.18296771	0.49620345	0.9790476	0.9825258	1.0	1011	tags=24%, list=23%, signal=30%	
REACTOME_STABILIZATION_OF_P53	REACTOME_STABILIZATION_OF_P53		43	0.16751672	0.4907835	0.9421158	0.9814764	1.0	609	tags=9%, list=14%, signal=11%	
REACTOME_APC_C_CDH1_MEDIATED_DEGRADATION_OF_CDC20_AND_OTHER_APC_C_CDH1_TARGETED_PROTEINS_IN_LATE_MITOSIS_EARLY_G1	REACTOME_APC_C_CDH1_MEDIATED_DEGRADATION_OF_CDC20_AND_OTHER_APC_C_CDH1_TARGETED_PROTEINS_IN_LATE_MITOSIS_EARLY_G1		44	0.16427329	0.47116435	0.9474747	0.98688096	1.0	609	tags=9%, list=14%, signal=10%	
REACTOME_PROTEIN_PROTEIN_INTERACTIONS_AT_SYNAPSES	REACTOME_PROTEIN_PROTEIN_INTERACTIONS_AT_SYNAPSES		15	0.17132927	0.4472363	0.9943289	0.99268776	1.0	1037	tags=20%, list=23%, signal=26%	
REACTOME_DEGRADATION_OF_GLI1_BY_THE_PROTEASOME	REACTOME_DEGRADATION_OF_GLI1_BY_THE_PROTEASOME		47	0.1506299	0.44566712	0.96039605	0.9891891	1.0	609	tags=9%, list=14%, signal=10%	
REACTOME_ASYMMETRIC_LOCALIZATION_OF_PCP_PROTEINS	REACTOME_ASYMMETRIC_LOCALIZATION_OF_PCP_PROTEINS		44	0.15058811	0.44406876	0.968	0.9857872	1.0	797	tags=11%, list=18%, signal=14%	
REACTOME_CYCLIN_A_CDK2_ASSOCIATED_EVENTS_AT_S_PHASE_ENTRY	REACTOME_CYCLIN_A_CDK2_ASSOCIATED_EVENTS_AT_S_PHASE_ENTRY		47	0.14753199	0.4370007	0.969697	0.98408705	1.0	939	tags=13%, list=21%, signal=16%	
REACTOME_DEGRADATION_OF_BETA_CATENIN_BY_THE_DESTRUCTION_COMPLEX	REACTOME_DEGRADATION_OF_BETA_CATENIN_BY_THE_DESTRUCTION_COMPLEX		53	0.13455105	0.41492712	0.97590363	0.9859691	1.0	717	tags=9%, list=16%, signal=11%	
